objectid,filename,title,format,photographer,mine,depth,date,description,latitude,longitude,donor,subject-lcsh,subject-LCTGM,location,source,Digital Collection,Holding Insititution,Format Original,type,Identifier,Date Digital,Language,rights,rightsstatement,Digitization Specifications,display_template,object_location,image_small,image_thumb
watkins0,89-1163.jpg,Anaconda Mine 1000 ft. level East [no. 1163],image/jpeg,"Watkins, Carleton E.",Anaconda Mine,1000,1890,Anaconda Mine 1000 level East. Wealth of ore 45 ft.,46.01972222,-112.5236111,"Conley, Cort","Watkins, Carleton E., 1829-1916; Anaconda Company; Butte (Mont.);",Photographic prints,United States--Montana--Silver Bow County--Butte--Anaconda Mine,PG 89 - University of Idaho Library Special Collections & Archives,"Carleton Watkins Interior Views of Anaconda Mines (Butte, MT)",University of Idaho Library; Special Collections & Archives,Black and White Photograph,Image;StillImage,89-1163,2011-03,eng,"Material in Public Domain due to date of creation. For more information, please contact University of Idaho Library Special Collections and Archives Department at libspec@uidaho.edu.",https://creativecommons.org/publicdomain/mark/1.0/,Original is archival Tiff. Displayed is a reduced jpg.,image,/objects/89-1163.jpg,/objects/small/89-1163_sm.jpg,/objects/thumbs/89-1163_th.jpg
watkins1,89-1172.jpg,Anaconda Mine 1000 ft. level West [no. 1172],image/jpeg,"Watkins, Carleton E.",Anaconda Mine,1000,1890,Anaconda Mine 1000 level West Ore 75 ft.,46.01972222,-112.5236111,"Conley, Cort","Watkins, Carleton E., 1829-1916; Anaconda Company; Butte (Mont.);",Photographic prints,United States--Montana--Silver Bow County--Butte--Anaconda Mine,PG 89 - University of Idaho Library Special Collections & Archives,"Carleton Watkins Interior Views of Anaconda Mines (Butte, MT)",University of Idaho Library; Special Collections & Archives,Black and White Photograph,Image;StillImage,89-1172,2011-03,eng,"Material in Public Domain due to date of creation. For more information, please contact University of Idaho Library Special Collections and Archives Department at libspec@uidaho.edu.",https://creativecommons.org/publicdomain/mark/1.0/,Original is archival Tiff. Displayed is a reduced jpg.,image,/objects/89-1172.jpg,/objects/small/89-1172_sm.jpg,/objects/thumbs/89-1172_th.jpg
watkins2,89-1173.jpg,Anaconda Mine 900 ft. level West [no. 1173],image/jpeg,"Watkins, Carleton E.",Anaconda Mine,900,1890,Anaconda Mine 900 level West Ore 80 ft.,46.01972222,-112.5236111,"Conley, Cort","Watkins, Carleton E., 1829-1916; Anaconda Company; Butte (Mont.);",Photographic prints,United States--Montana--Silver Bow County--Butte--Anaconda Mine,PG 89 - University of Idaho Library Special Collections & Archives,"Carleton Watkins Interior Views of Anaconda Mines (Butte, MT)",University of Idaho Library; Special Collections & Archives,Black and White Photograph,Image;StillImage,89-1173,2011-03,eng,"Material in Public Domain due to date of creation. For more information, please contact University of Idaho Library Special Collections and Archives Department at libspec@uidaho.edu.",https://creativecommons.org/publicdomain/mark/1.0/,Original is archival Tiff. Displayed is a reduced jpg.,image,/objects/89-1173.jpg,/objects/small/89-1173_sm.jpg,/objects/thumbs/89-1173_th.jpg
watkins3,89-1174.jpg,Anaconda Mine 900 ft. level East [no. 1174],image/jpeg,"Watkins, Carleton E.",Anaconda Mine,900,1890,Anaconda Mine 900 level East Ore 80 ft.,46.01972222,-112.5236111,"Conley, Cort","Watkins, Carleton E., 1829-1916; Anaconda Company; Butte (Mont.);",Photographic prints,United States--Montana--Silver Bow County--Butte--Anaconda Mine,PG 89 - University of Idaho Library Special Collections & Archives,"Carleton Watkins Interior Views of Anaconda Mines (Butte, MT)",University of Idaho Library; Special Collections & Archives,Black and White Photograph,Image;StillImage,89-1174,2011-03,eng,"Material in Public Domain due to date of creation. For more information, please contact University of Idaho Library Special Collections and Archives Department at libspec@uidaho.edu.",https://creativecommons.org/publicdomain/mark/1.0/,Original is archival Tiff. Displayed is a reduced jpg.,image,/objects/89-1174.jpg,/objects/small/89-1174_sm.jpg,/objects/thumbs/89-1174_th.jpg
watkins4,89-1175.jpg,Anaconda Mine 900 ft. level West [no. 1175],image/jpeg,"Watkins, Carleton E.",Anaconda Mine,900,1890,Anaconda Mine 900 level West Ore 80 ft.,46.01972222,-112.5236111,"Conley, Cort","Watkins, Carleton E., 1829-1916; Anaconda Company; Butte (Mont.);",Photographic prints,United States--Montana--Silver Bow County--Butte--Anaconda Mine,PG 89 - University of Idaho Library Special Collections & Archives,"Carleton Watkins Interior Views of Anaconda Mines (Butte, MT)",University of Idaho Library; Special Collections & Archives,Black and White Photograph,Image;StillImage,89-1175,2011-03,eng,"Material in Public Domain due to date of creation. For more information, please contact University of Idaho Library Special Collections and Archives Department at libspec@uidaho.edu.",https://creativecommons.org/publicdomain/mark/1.0/,Original is archival Tiff. Displayed is a reduced jpg.,image,/objects/89-1175.jpg,/objects/small/89-1175_sm.jpg,/objects/thumbs/89-1175_th.jpg
watkins5,89-1176.jpg,Anaconda Mine 900 ft. level East [no. 1176],image/jpeg,"Watkins, Carleton E.",Anaconda Mine,900,1890,Anaconda Mine 900 level East Wealth of ore 80 ft.,46.01972222,-112.5236111,"Conley, Cort","Watkins, Carleton E., 1829-1916; Anaconda Company; Butte (Mont.);",Photographic prints,United States--Montana--Silver Bow County--Butte--Anaconda Mine,PG 89 - University of Idaho Library Special Collections & Archives,"Carleton Watkins Interior Views of Anaconda Mines (Butte, MT)",University of Idaho Library; Special Collections & Archives,Black and White Photograph,Image;StillImage,89-1176,2011-03,eng,"Material in Public Domain due to date of creation. For more information, please contact University of Idaho Library Special Collections and Archives Department at libspec@uidaho.edu.",https://creativecommons.org/publicdomain/mark/1.0/,Original is archival Tiff. Displayed is a reduced jpg.,image,/objects/89-1176.jpg,/objects/small/89-1176_sm.jpg,/objects/thumbs/89-1176_th.jpg
watkins6,89-1177.jpg,Anaconda Mine 900 ft. level East [no. 1177],image/jpeg,"Watkins, Carleton E.",Anaconda Mine,900,1890,Anaconda Mine 900 level East Ore 80 ft.,46.01972222,-112.5236111,"Conley, Cort","Watkins, Carleton E., 1829-1916; Anaconda Company; Butte (Mont.);",Photographic prints,United States--Montana--Silver Bow County--Butte--Anaconda Mine,PG 89 - University of Idaho Library Special Collections & Archives,"Carleton Watkins Interior Views of Anaconda Mines (Butte, MT)",University of Idaho Library; Special Collections & Archives,Black and White Photograph,Image;StillImage,89-1177,2011-03,eng,"Material in Public Domain due to date of creation. For more information, please contact University of Idaho Library Special Collections and Archives Department at libspec@uidaho.edu.",https://creativecommons.org/publicdomain/mark/1.0/,Original is archival Tiff. Displayed is a reduced jpg.,image,/objects/89-1177.jpg,/objects/small/89-1177_sm.jpg,/objects/thumbs/89-1177_th.jpg
watkins7,89-1178.jpg,Anaconda Mine 900 ft. level East [no. 1178],image/jpeg,"Watkins, Carleton E.",Anaconda Mine,900,1890,Anaconda Mine 900 level East Ore 80 ft.,46.01972222,-112.5236111,"Conley, Cort","Watkins, Carleton E., 1829-1916; Anaconda Company; Butte (Mont.);",Photographic prints,United States--Montana--Silver Bow County--Butte--Anaconda Mine,PG 89 - University of Idaho Library Special Collections & Archives,"Carleton Watkins Interior Views of Anaconda Mines (Butte, MT)",University of Idaho Library; Special Collections & Archives,Black and White Photograph,Image;StillImage,89-1178,2011-03,eng,"Material in Public Domain due to date of creation. For more information, please contact University of Idaho Library Special Collections and Archives Department at libspec@uidaho.edu.",https://creativecommons.org/publicdomain/mark/1.0/,Original is archival Tiff. Displayed is a reduced jpg.,image,/objects/89-1178.jpg,/objects/small/89-1178_sm.jpg,/objects/thumbs/89-1178_th.jpg
watkins8,89-1179.jpg,St. Lawrence Mine 800 ft. level West [no. 1179],image/jpeg,"Watkins, Carleton E.",St. Lawrence Mine,800,1890,St. Lawrence 800 level West Ore 40 ft.,46.01944444,-112.52,"Conley, Cort","Watkins, Carleton E., 1829-1916; Anaconda Company; Butte (Mont.);",Photographic prints,United States--Montana--Silver Bow County--Butte--Anaconda Mine,PG 89 - University of Idaho Library Special Collections & Archives,"Carleton Watkins Interior Views of Anaconda Mines (Butte, MT)",University of Idaho Library; Special Collections & Archives,Black and White Photograph,Image;StillImage,89-1179,2011-03,eng,"Material in Public Domain due to date of creation. For more information, please contact University of Idaho Library Special Collections and Archives Department at libspec@uidaho.edu.",https://creativecommons.org/publicdomain/mark/1.0/,Original is archival Tiff. Displayed is a reduced jpg.,image,/objects/89-1179.jpg,/objects/small/89-1179_sm.jpg,/objects/thumbs/89-1179_th.jpg
watkins9,89-1181.jpg,St. Lawrence Mine 800 ft. level West [no. 1181],image/jpeg,"Watkins, Carleton E.",St. Lawrence Mine,800,1890,St. Lawrence 800 level West Ore 40 ft.,46.01944444,-112.52,"Conley, Cort","Watkins, Carleton E., 1829-1916; Anaconda Company; Butte (Mont.);",Photographic prints,United States--Montana--Silver Bow County--Butte--Anaconda Mine,PG 89 - University of Idaho Library Special Collections & Archives,"Carleton Watkins Interior Views of Anaconda Mines (Butte, MT)",University of Idaho Library; Special Collections & Archives,Black and White Photograph,Image;StillImage,89-1181,2011-03,eng,"Material in Public Domain due to date of creation. For more information, please contact University of Idaho Library Special Collections and Archives Department at libspec@uidaho.edu.",https://creativecommons.org/publicdomain/mark/1.0/,Original is archival Tiff. Displayed is a reduced jpg.,image,/objects/89-1181.jpg,/objects/small/89-1181_sm.jpg,/objects/thumbs/89-1181_th.jpg
watkins10,89-1180.jpg,St. Lawrence Mine 800 ft. level West [no. 1180],image/jpeg,"Watkins, Carleton E.",St. Lawrence Mine,800,1890,St. Lawrence 800 level West Ore 40 ft.,46.01944444,-112.52,"Conley, Cort","Watkins, Carleton E., 1829-1916; Anaconda Company; Butte (Mont.);",Photographic prints,United States--Montana--Silver Bow County--Butte--Anaconda Mine,PG 89 - University of Idaho Library Special Collections & Archives,"Carleton Watkins Interior Views of Anaconda Mines (Butte, MT)",University of Idaho Library; Special Collections & Archives,Black and White Photograph,Image;StillImage,89-1180,2011-03,eng,"Material in Public Domain due to date of creation. For more information, please contact University of Idaho Library Special Collections and Archives Department at libspec@uidaho.edu.",https://creativecommons.org/publicdomain/mark/1.0/,Original is archival Tiff. Displayed is a reduced jpg.,image,/objects/89-1180.jpg,/objects/small/89-1180_sm.jpg,/objects/thumbs/89-1180_th.jpg
watkins11,89-1164.jpg,Anaconda Mine 1000 ft. level East [no. 1164],image/jpeg,"Watkins, Carleton E.",Anaconda Mine,1000,1890,Anaconda Mine 1000 level East. Wealth of ore 45 ft.,46.01972222,-112.5236111,"Conley, Cort","Watkins, Carleton E., 1829-1916; Anaconda Company; Butte (Mont.);",Photographic prints,United States--Montana--Silver Bow County--Butte--Anaconda Mine,PG 89 - University of Idaho Library Special Collections & Archives,"Carleton Watkins Interior Views of Anaconda Mines (Butte, MT)",University of Idaho Library; Special Collections & Archives,Black and White Photograph,Image;StillImage,89-1164,2011-03,eng,"Material in Public Domain due to date of creation. For more information, please contact University of Idaho Library Special Collections and Archives Department at libspec@uidaho.edu.",https://creativecommons.org/publicdomain/mark/1.0/,Original is archival Tiff. Displayed is a reduced jpg.,image,/objects/89-1164.jpg,/objects/small/89-1164_sm.jpg,/objects/thumbs/89-1164_th.jpg
watkins12,89-1182.jpg,St. Lawrence Mine 800 ft. level West [no. 1182],image/jpeg,"Watkins, Carleton E.",St. Lawrence Mine,800,1890,St. Lawrence 800 level West Ore 40 ft.,46.01944444,-112.52,"Conley, Cort","Watkins, Carleton E., 1829-1916; Anaconda Company; Butte (Mont.);",Photographic prints,United States--Montana--Silver Bow County--Butte--Anaconda Mine,PG 89 - University of Idaho Library Special Collections & Archives,"Carleton Watkins Interior Views of Anaconda Mines (Butte, MT)",University of Idaho Library; Special Collections & Archives,Black and White Photograph,Image;StillImage,89-1182,2011-03,eng,"Material in Public Domain due to date of creation. For more information, please contact University of Idaho Library Special Collections and Archives Department at libspec@uidaho.edu.",https://creativecommons.org/publicdomain/mark/1.0/,Original is archival Tiff. Displayed is a reduced jpg.,image,/objects/89-1182.jpg,/objects/small/89-1182_sm.jpg,/objects/thumbs/89-1182_th.jpg
watkins13,89-1183.jpg,St. Lawrence Mine 700 ft. level East [no. 1183],image/jpeg,"Watkins, Carleton E.",St. Lawrence Mine,700,1890,St. Lawrence 700 level East Ore 36 ft.,46.01944444,-112.52,"Conley, Cort","Watkins, Carleton E., 1829-1916; Anaconda Company; Butte (Mont.);",Photographic prints,United States--Montana--Silver Bow County--Butte--Anaconda Mine,PG 89 - University of Idaho Library Special Collections & Archives,"Carleton Watkins Interior Views of Anaconda Mines (Butte, MT)",University of Idaho Library; Special Collections & Archives,Black and White Photograph,Image;StillImage,89-1183,2011-03,eng,"Material in Public Domain due to date of creation. For more information, please contact University of Idaho Library Special Collections and Archives Department at libspec@uidaho.edu.",https://creativecommons.org/publicdomain/mark/1.0/,Original is archival Tiff. Displayed is a reduced jpg.,image,/objects/89-1183.jpg,/objects/small/89-1183_sm.jpg,/objects/thumbs/89-1183_th.jpg
watkins14,89-1184.jpg,St. Lawrence Mine 700 ft. level East [no. 1184],image/jpeg,"Watkins, Carleton E.",St. Lawrence Mine,700,1890,St. Lawrence 700 level East Ore 36 ft.,46.01944444,-112.52,"Conley, Cort","Watkins, Carleton E., 1829-1916; Anaconda Company; Butte (Mont.);",Photographic prints,United States--Montana--Silver Bow County--Butte--Anaconda Mine,PG 89 - University of Idaho Library Special Collections & Archives,"Carleton Watkins Interior Views of Anaconda Mines (Butte, MT)",University of Idaho Library; Special Collections & Archives,Black and White Photograph,Image;StillImage,89-1184,2011-03,eng,"Material in Public Domain due to date of creation. For more information, please contact University of Idaho Library Special Collections and Archives Department at libspec@uidaho.edu.",https://creativecommons.org/publicdomain/mark/1.0/,Original is archival Tiff. Displayed is a reduced jpg.,image,/objects/89-1184.jpg,/objects/small/89-1184_sm.jpg,/objects/thumbs/89-1184_th.jpg
watkins15,89-1185.jpg,St. Lawrence Mine 800 ft. level East [no. 1185],image/jpeg,"Watkins, Carleton E.",St. Lawrence Mine,800,1890,St. Lawrence 800 level East Ore 35 ft.,46.01944444,-112.52,"Conley, Cort","Watkins, Carleton E., 1829-1916; Anaconda Company; Butte (Mont.);",Photographic prints,United States--Montana--Silver Bow County--Butte--Anaconda Mine,PG 89 - University of Idaho Library Special Collections & Archives,"Carleton Watkins Interior Views of Anaconda Mines (Butte, MT)",University of Idaho Library; Special Collections & Archives,Black and White Photograph,Image;StillImage,89-1185,2011-03,eng,"Material in Public Domain due to date of creation. For more information, please contact University of Idaho Library Special Collections and Archives Department at libspec@uidaho.edu.",https://creativecommons.org/publicdomain/mark/1.0/,Original is archival Tiff. Displayed is a reduced jpg.,image,/objects/89-1185.jpg,/objects/small/89-1185_sm.jpg,/objects/thumbs/89-1185_th.jpg
watkins16,89-1186.jpg,St. Lawrence Mine Pump Station 400' level [no. 1186],image/jpeg,"Watkins, Carleton E.",St. Lawrence Mine,400,1890,St. Lawrence Pump Station 400 level,46.01944444,-112.52,"Conley, Cort","Watkins, Carleton E., 1829-1916; Anaconda Company; Butte (Mont.);",Photographic prints,United States--Montana--Silver Bow County--Butte--Anaconda Mine,PG 89 - University of Idaho Library Special Collections & Archives,"Carleton Watkins Interior Views of Anaconda Mines (Butte, MT)",University of Idaho Library; Special Collections & Archives,Black and White Photograph,Image;StillImage,89-1186,2011-03,eng,"Material in Public Domain due to date of creation. For more information, please contact University of Idaho Library Special Collections and Archives Department at libspec@uidaho.edu.",https://creativecommons.org/publicdomain/mark/1.0/,Original is archival Tiff. Displayed is a reduced jpg.,image,/objects/89-1186.jpg,/objects/small/89-1186_sm.jpg,/objects/thumbs/89-1186_th.jpg
watkins17,89-1187.jpg,St. Lawrence Mine 600 ft. level East [no. 1187],image/jpeg,"Watkins, Carleton E.",St. Lawrence Mine,600,1890,St. Lawrence 600 level East Ore 35 ft.,46.01944444,-112.52,"Conley, Cort","Watkins, Carleton E., 1829-1916; Anaconda Company; Butte (Mont.);",Photographic prints,United States--Montana--Silver Bow County--Butte--Anaconda Mine,PG 89 - University of Idaho Library Special Collections & Archives,"Carleton Watkins Interior Views of Anaconda Mines (Butte, MT)",University of Idaho Library; Special Collections & Archives,Black and White Photograph,Image;StillImage,89-1187,2011-03,eng,"Material in Public Domain due to date of creation. For more information, please contact University of Idaho Library Special Collections and Archives Department at libspec@uidaho.edu.",https://creativecommons.org/publicdomain/mark/1.0/,Original is archival Tiff. Displayed is a reduced jpg.,image,/objects/89-1187.jpg,/objects/small/89-1187_sm.jpg,/objects/thumbs/89-1187_th.jpg
watkins18,89-1188.jpg,St. Lawrence Mine 600 ft. level East [no. 1188],image/jpeg,"Watkins, Carleton E.",St. Lawrence Mine,600,1890,St. Lawrence 600 level East Ore 35 ft.,46.01944444,-112.52,"Conley, Cort","Watkins, Carleton E., 1829-1916; Anaconda Company; Butte (Mont.);",Photographic prints,United States--Montana--Silver Bow County--Butte--Anaconda Mine,PG 89 - University of Idaho Library Special Collections & Archives,"Carleton Watkins Interior Views of Anaconda Mines (Butte, MT)",University of Idaho Library; Special Collections & Archives,Black and White Photograph,Image;StillImage,89-1188,2011-03,eng,"Material in Public Domain due to date of creation. For more information, please contact University of Idaho Library Special Collections and Archives Department at libspec@uidaho.edu.",https://creativecommons.org/publicdomain/mark/1.0/,Original is archival Tiff. Displayed is a reduced jpg.,image,/objects/89-1188.jpg,/objects/small/89-1188_sm.jpg,/objects/thumbs/89-1188_th.jpg
watkins19,89-1189.jpg,St. Lawrence Mine 600 ft. level East [no. 1189],image/jpeg,"Watkins, Carleton E.",St. Lawrence Mine,600,1890,St. Lawrence 600 level East Ore 35 ft.,46.01944444,-112.52,"Conley, Cort","Watkins, Carleton E., 1829-1916; Anaconda Company; Butte (Mont.);",Photographic prints,United States--Montana--Silver Bow County--Butte--Anaconda Mine,PG 89 - University of Idaho Library Special Collections & Archives,"Carleton Watkins Interior Views of Anaconda Mines (Butte, MT)",University of Idaho Library; Special Collections & Archives,Black and White Photograph,Image;StillImage,89-1189,2011-03,eng,"Material in Public Domain due to date of creation. For more information, please contact University of Idaho Library Special Collections and Archives Department at libspec@uidaho.edu.",https://creativecommons.org/publicdomain/mark/1.0/,Original is archival Tiff. Displayed is a reduced jpg.,image,/objects/89-1189.jpg,/objects/small/89-1189_sm.jpg,/objects/thumbs/89-1189_th.jpg
watkins20,89-1190.jpg,St. Lawrence Mine 600 ft. level East [no. 1190],image/jpeg,"Watkins, Carleton E.",St. Lawrence Mine,600,1890,St. Lawrence 600 level East Ore 35 ft.,46.01944444,-112.52,"Conley, Cort","Watkins, Carleton E., 1829-1916; Anaconda Company; Butte (Mont.);",Photographic prints,United States--Montana--Silver Bow County--Butte--Anaconda Mine,PG 89 - University of Idaho Library Special Collections & Archives,"Carleton Watkins Interior Views of Anaconda Mines (Butte, MT)",University of Idaho Library; Special Collections & Archives,Black and White Photograph,Image;StillImage,89-1190,2011-03,eng,"Material in Public Domain due to date of creation. For more information, please contact University of Idaho Library Special Collections and Archives Department at libspec@uidaho.edu.",https://creativecommons.org/publicdomain/mark/1.0/,Original is archival Tiff. Displayed is a reduced jpg.,image,/objects/89-1190.jpg,/objects/small/89-1190_sm.jpg,/objects/thumbs/89-1190_th.jpg
watkins21,89-1191.jpg,St. Lawrence Mine 600 ft. level East [no. 1191],image/jpeg,"Watkins, Carleton E.",St. Lawrence Mine,600,1890,St. Lawrence 600 level East Ore 35 ft.,46.01944444,-112.52,"Conley, Cort","Watkins, Carleton E., 1829-1916; Anaconda Company; Butte (Mont.);",Photographic prints,United States--Montana--Silver Bow County--Butte--Anaconda Mine,PG 89 - University of Idaho Library Special Collections & Archives,"Carleton Watkins Interior Views of Anaconda Mines (Butte, MT)",University of Idaho Library; Special Collections & Archives,Black and White Photograph,Image;StillImage,89-1191,2011-03,eng,"Material in Public Domain due to date of creation. For more information, please contact University of Idaho Library Special Collections and Archives Department at libspec@uidaho.edu.",https://creativecommons.org/publicdomain/mark/1.0/,Original is archival Tiff. Displayed is a reduced jpg.,image,/objects/89-1191.jpg,/objects/small/89-1191_sm.jpg,/objects/thumbs/89-1191_th.jpg
watkins22,89-1165.jpg,Anaconda Mine 1000 ft. level East [no. 1165],image/jpeg,"Watkins, Carleton E.",Anaconda Mine,1000,1890,Anaconda Mine 1000 level East. Wealth of ore 45 ft.,46.01972222,-112.5236111,"Conley, Cort","Watkins, Carleton E., 1829-1916; Anaconda Company; Butte (Mont.);",Photographic prints,United States--Montana--Silver Bow County--Butte--Anaconda Mine,PG 89 - University of Idaho Library Special Collections & Archives,"Carleton Watkins Interior Views of Anaconda Mines (Butte, MT)",University of Idaho Library; Special Collections & Archives,Black and White Photograph,Image;StillImage,89-1165,2011-03,eng,"Material in Public Domain due to date of creation. For more information, please contact University of Idaho Library Special Collections and Archives Department at libspec@uidaho.edu.",https://creativecommons.org/publicdomain/mark/1.0/,Original is archival Tiff. Displayed is a reduced jpg.,image,/objects/89-1165.jpg,/objects/small/89-1165_sm.jpg,/objects/thumbs/89-1165_th.jpg
watkins23,89-1192.jpg,St. Lawrence Mine 600 ft. level East [no. 1192],image/jpeg,"Watkins, Carleton E.",St. Lawrence Mine,600,1890,St. Lawrence 600 level East Ore 35 ft.,46.01944444,-112.52,"Conley, Cort","Watkins, Carleton E., 1829-1916; Anaconda Company; Butte (Mont.);",Photographic prints,United States--Montana--Silver Bow County--Butte--Anaconda Mine,PG 89 - University of Idaho Library Special Collections & Archives,"Carleton Watkins Interior Views of Anaconda Mines (Butte, MT)",University of Idaho Library; Special Collections & Archives,Black and White Photograph,Image;StillImage,89-1192,2011-03,eng,"Material in Public Domain due to date of creation. For more information, please contact University of Idaho Library Special Collections and Archives Department at libspec@uidaho.edu.",https://creativecommons.org/publicdomain/mark/1.0/,Original is archival Tiff. Displayed is a reduced jpg.,image,/objects/89-1192.jpg,/objects/small/89-1192_sm.jpg,/objects/thumbs/89-1192_th.jpg
watkins24,89-1193.jpg,High Ore Mine 400 ft. level [no. 1193],image/jpeg,"Watkins, Carleton E.",High Ore Mine,400,1890,High ore 400 ft. level Housing Station,46.02388889,-112.5197222,"Conley, Cort","Watkins, Carleton E., 1829-1916; Anaconda Company; Butte (Mont.);",Photographic prints,United States--Montana--Silver Bow County--Butte--Anaconda Mine,PG 89 - University of Idaho Library Special Collections & Archives,"Carleton Watkins Interior Views of Anaconda Mines (Butte, MT)",University of Idaho Library; Special Collections & Archives,Black and White Photograph,Image;StillImage,89-1193,2011-03,eng,"Material in Public Domain due to date of creation. For more information, please contact University of Idaho Library Special Collections and Archives Department at libspec@uidaho.edu.",https://creativecommons.org/publicdomain/mark/1.0/,Original is archival Tiff. Displayed is a reduced jpg.,image,/objects/89-1193.jpg,/objects/small/89-1193_sm.jpg,/objects/thumbs/89-1193_th.jpg
watkins25,89-1194.jpg,High Ore Mine 600 ft. level [no. 1194],image/jpeg,"Watkins, Carleton E.",High Ore Mine,600,1890,High ore 600 level Pump Station,46.02388889,-112.5197222,"Conley, Cort","Watkins, Carleton E., 1829-1916; Anaconda Company; Butte (Mont.);",Photographic prints,United States--Montana--Silver Bow County--Butte--Anaconda Mine,PG 89 - University of Idaho Library Special Collections & Archives,"Carleton Watkins Interior Views of Anaconda Mines (Butte, MT)",University of Idaho Library; Special Collections & Archives,Black and White Photograph,Image;StillImage,89-1194,2011-03,eng,"Material in Public Domain due to date of creation. For more information, please contact University of Idaho Library Special Collections and Archives Department at libspec@uidaho.edu.",https://creativecommons.org/publicdomain/mark/1.0/,Original is archival Tiff. Displayed is a reduced jpg.,image,/objects/89-1194.jpg,/objects/small/89-1194_sm.jpg,/objects/thumbs/89-1194_th.jpg
watkins26,89-1195.jpg,High Ore Mine 500 ft. level [no. 1195],image/jpeg,"Watkins, Carleton E.",High Ore Mine,500,1890,High ore 500 ft. level Housing Station,46.02388889,-112.5197222,"Conley, Cort","Watkins, Carleton E., 1829-1916; Anaconda Company; Butte (Mont.);",Photographic prints,United States--Montana--Silver Bow County--Butte--Anaconda Mine,PG 89 - University of Idaho Library Special Collections & Archives,"Carleton Watkins Interior Views of Anaconda Mines (Butte, MT)",University of Idaho Library; Special Collections & Archives,Black and White Photograph,Image;StillImage,89-1195,2011-03,eng,"Material in Public Domain due to date of creation. For more information, please contact University of Idaho Library Special Collections and Archives Department at libspec@uidaho.edu.",https://creativecommons.org/publicdomain/mark/1.0/,Original is archival Tiff. Displayed is a reduced jpg.,image,/objects/89-1195.jpg,/objects/small/89-1195_sm.jpg,/objects/thumbs/89-1195_th.jpg
watkins27,89-1196.jpg,High Ore Mine 400 ft. level West [no. 1196],image/jpeg,"Watkins, Carleton E.",High Ore Mine,400,1890,High ore 400 ft. level West Showing bulkheading in 1st floor and miner ascending to 2nd floor with hose for drilling machine,46.02388889,-112.5197222,"Conley, Cort","Watkins, Carleton E., 1829-1916; Anaconda Company; Butte (Mont.);",Photographic prints,United States--Montana--Silver Bow County--Butte--Anaconda Mine,PG 89 - University of Idaho Library Special Collections & Archives,"Carleton Watkins Interior Views of Anaconda Mines (Butte, MT)",University of Idaho Library; Special Collections & Archives,Black and White Photograph,Image;StillImage,89-1196,2011-03,eng,"Material in Public Domain due to date of creation. For more information, please contact University of Idaho Library Special Collections and Archives Department at libspec@uidaho.edu.",https://creativecommons.org/publicdomain/mark/1.0/,Original is archival Tiff. Displayed is a reduced jpg.,image,/objects/89-1196.jpg,/objects/small/89-1196_sm.jpg,/objects/thumbs/89-1196_th.jpg
watkins28,89-1197.jpg,High Ore Mine 300 ft. level East [no. 1197],image/jpeg,"Watkins, Carleton E.",High Ore Mine,300,1890,High ore 300 ft. level East Showing men and drilling machine on fourth floor drilling air on breast,46.02388889,-112.5197222,"Conley, Cort","Watkins, Carleton E., 1829-1916; Anaconda Company; Butte (Mont.);",Photographic prints,United States--Montana--Silver Bow County--Butte--Anaconda Mine,PG 89 - University of Idaho Library Special Collections & Archives,"Carleton Watkins Interior Views of Anaconda Mines (Butte, MT)",University of Idaho Library; Special Collections & Archives,Black and White Photograph,Image;StillImage,89-1197,2011-03,eng,"Material in Public Domain due to date of creation. For more information, please contact University of Idaho Library Special Collections and Archives Department at libspec@uidaho.edu.",https://creativecommons.org/publicdomain/mark/1.0/,Original is archival Tiff. Displayed is a reduced jpg.,image,/objects/89-1197.jpg,/objects/small/89-1197_sm.jpg,/objects/thumbs/89-1197_th.jpg
watkins29,89-1198.jpg,High Ore Mine 200 ft. level West [no. 1198],image/jpeg,"Watkins, Carleton E.",High Ore Mine,200,1890,High ore 200 ft. level West Showing face of drift. Timber and lagging,46.02388889,-112.5197222,"Conley, Cort","Watkins, Carleton E., 1829-1916; Anaconda Company; Butte (Mont.);",Photographic prints,United States--Montana--Silver Bow County--Butte--Anaconda Mine,PG 89 - University of Idaho Library Special Collections & Archives,"Carleton Watkins Interior Views of Anaconda Mines (Butte, MT)",University of Idaho Library; Special Collections & Archives,Black and White Photograph,Image;StillImage,89-1198,2011-03,eng,"Material in Public Domain due to date of creation. For more information, please contact University of Idaho Library Special Collections and Archives Department at libspec@uidaho.edu.",https://creativecommons.org/publicdomain/mark/1.0/,Original is archival Tiff. Displayed is a reduced jpg.,image,/objects/89-1198.jpg,/objects/small/89-1198_sm.jpg,/objects/thumbs/89-1198_th.jpg
watkins30,89-1199.jpg,High Ore Mine 600 ft. level East [no. 1199],image/jpeg,"Watkins, Carleton E.",High Ore Mine,600,1890,High ore 600 level East Showing ore in breasts,46.02388889,-112.5197222,"Conley, Cort","Watkins, Carleton E., 1829-1916; Anaconda Company; Butte (Mont.);",Photographic prints,United States--Montana--Silver Bow County--Butte--Anaconda Mine,PG 89 - University of Idaho Library Special Collections & Archives,"Carleton Watkins Interior Views of Anaconda Mines (Butte, MT)",University of Idaho Library; Special Collections & Archives,Black and White Photograph,Image;StillImage,89-1199,2011-03,eng,"Material in Public Domain due to date of creation. For more information, please contact University of Idaho Library Special Collections and Archives Department at libspec@uidaho.edu.",https://creativecommons.org/publicdomain/mark/1.0/,Original is archival Tiff. Displayed is a reduced jpg.,image,/objects/89-1199.jpg,/objects/small/89-1199_sm.jpg,/objects/thumbs/89-1199_th.jpg
watkins31,89-1200.jpg,High Ore Mine 600 ft. level West [no. 1200],image/jpeg,"Watkins, Carleton E.",High Ore Mine,600,1890,High ore 600 level West Showing miner wheeling ore to chutes Ore 10 ft,46.02388889,-112.5197222,"Conley, Cort","Watkins, Carleton E., 1829-1916; Anaconda Company; Butte (Mont.);",Photographic prints,United States--Montana--Silver Bow County--Butte--Anaconda Mine,PG 89 - University of Idaho Library Special Collections & Archives,"Carleton Watkins Interior Views of Anaconda Mines (Butte, MT)",University of Idaho Library; Special Collections & Archives,Black and White Photograph,Image;StillImage,89-1200,2011-03,eng,"Material in Public Domain due to date of creation. For more information, please contact University of Idaho Library Special Collections and Archives Department at libspec@uidaho.edu.",https://creativecommons.org/publicdomain/mark/1.0/,Original is archival Tiff. Displayed is a reduced jpg.,image,/objects/89-1200.jpg,/objects/small/89-1200_sm.jpg,/objects/thumbs/89-1200_th.jpg
watkins32,89-1201.jpg,High Ore Mine 300 ft. level East [no. 1201],image/jpeg,"Watkins, Carleton E.",High Ore Mine,300,1890,High ore 300 level East Showing drilling machine and bar erected for drilling ore breast,46.02388889,-112.5197222,"Conley, Cort","Watkins, Carleton E., 1829-1916; Anaconda Company; Butte (Mont.);",Photographic prints,United States--Montana--Silver Bow County--Butte--Anaconda Mine,PG 89 - University of Idaho Library Special Collections & Archives,"Carleton Watkins Interior Views of Anaconda Mines (Butte, MT)",University of Idaho Library; Special Collections & Archives,Black and White Photograph,Image;StillImage,89-1201,2011-03,eng,"Material in Public Domain due to date of creation. For more information, please contact University of Idaho Library Special Collections and Archives Department at libspec@uidaho.edu.",https://creativecommons.org/publicdomain/mark/1.0/,Original is archival Tiff. Displayed is a reduced jpg.,image,/objects/89-1201.jpg,/objects/small/89-1201_sm.jpg,/objects/thumbs/89-1201_th.jpg
watkins33,89-1166.jpg,Anaconda Mine 1000 ft. level East [no. 1166],image/jpeg,"Watkins, Carleton E.",Anaconda Mine,1000,1890,Anaconda Mine 1000 level East. Wealth of ore 45 ft.,46.01972222,-112.5236111,"Conley, Cort","Watkins, Carleton E., 1829-1916; Anaconda Company; Butte (Mont.);",Photographic prints,United States--Montana--Silver Bow County--Butte--Anaconda Mine,PG 89 - University of Idaho Library Special Collections & Archives,"Carleton Watkins Interior Views of Anaconda Mines (Butte, MT)",University of Idaho Library; Special Collections & Archives,Black and White Photograph,Image;StillImage,89-1166,2011-03,eng,"Material in Public Domain due to date of creation. For more information, please contact University of Idaho Library Special Collections and Archives Department at libspec@uidaho.edu.",https://creativecommons.org/publicdomain/mark/1.0/,Original is archival Tiff. Displayed is a reduced jpg.,image,/objects/89-1166.jpg,/objects/small/89-1166_sm.jpg,/objects/thumbs/89-1166_th.jpg
watkins34,89-1202.jpg,High Ore Mine 400 ft. level East [no. 1202],image/jpeg,"Watkins, Carleton E.",High Ore Mine,400,1890,High ore 400 level East Showing ore after blast ore 15 ft,46.02388889,-112.5197222,"Conley, Cort","Watkins, Carleton E., 1829-1916; Anaconda Company; Butte (Mont.);",Photographic prints,United States--Montana--Silver Bow County--Butte--Anaconda Mine,PG 89 - University of Idaho Library Special Collections & Archives,"Carleton Watkins Interior Views of Anaconda Mines (Butte, MT)",University of Idaho Library; Special Collections & Archives,Black and White Photograph,Image;StillImage,89-1202,2011-03,eng,"Material in Public Domain due to date of creation. For more information, please contact University of Idaho Library Special Collections and Archives Department at libspec@uidaho.edu.",https://creativecommons.org/publicdomain/mark/1.0/,Original is archival Tiff. Displayed is a reduced jpg.,image,/objects/89-1202.jpg,/objects/small/89-1202_sm.jpg,/objects/thumbs/89-1202_th.jpg
watkins35,89-1203.jpg,High Ore Mine 300 ft. level West [no. 1203],image/jpeg,"Watkins, Carleton E.",High Ore Mine,300,1890,High ore 300 ft. level West Showing timbers along foot wall,46.02388889,-112.5197222,"Conley, Cort","Watkins, Carleton E., 1829-1916; Anaconda Company; Butte (Mont.);",Photographic prints,United States--Montana--Silver Bow County--Butte--Anaconda Mine,PG 89 - University of Idaho Library Special Collections & Archives,"Carleton Watkins Interior Views of Anaconda Mines (Butte, MT)",University of Idaho Library; Special Collections & Archives,Black and White Photograph,Image;StillImage,89-1203,2011-03,eng,"Material in Public Domain due to date of creation. For more information, please contact University of Idaho Library Special Collections and Archives Department at libspec@uidaho.edu.",https://creativecommons.org/publicdomain/mark/1.0/,Original is archival Tiff. Displayed is a reduced jpg.,image,/objects/89-1203.jpg,/objects/small/89-1203_sm.jpg,/objects/thumbs/89-1203_th.jpg
watkins36,89-1204.jpg,High Ore Mine 500 ft. level West [no. 1204],image/jpeg,"Watkins, Carleton E.",High Ore Mine,500,1890,High ore 500 ft. level West Showing ore and timbers on foot wall,46.02388889,-112.5197222,"Conley, Cort","Watkins, Carleton E., 1829-1916; Anaconda Company; Butte (Mont.);",Photographic prints,United States--Montana--Silver Bow County--Butte--Anaconda Mine,PG 89 - University of Idaho Library Special Collections & Archives,"Carleton Watkins Interior Views of Anaconda Mines (Butte, MT)",University of Idaho Library; Special Collections & Archives,Black and White Photograph,Image;StillImage,89-1204,2011-03,eng,"Material in Public Domain due to date of creation. For more information, please contact University of Idaho Library Special Collections and Archives Department at libspec@uidaho.edu.",https://creativecommons.org/publicdomain/mark/1.0/,Original is archival Tiff. Displayed is a reduced jpg.,image,/objects/89-1204.jpg,/objects/small/89-1204_sm.jpg,/objects/thumbs/89-1204_th.jpg
watkins37,89-1205.jpg,High Ore Mine 300 ft. level East [no. 1205],image/jpeg,"Watkins, Carleton E.",High Ore Mine,300,1890,High ore 300 ft. level East Showing tripod and drilling machine in operation,46.02388889,-112.5197222,"Conley, Cort","Watkins, Carleton E., 1829-1916; Anaconda Company; Butte (Mont.);",Photographic prints,United States--Montana--Silver Bow County--Butte--Anaconda Mine,PG 89 - University of Idaho Library Special Collections & Archives,"Carleton Watkins Interior Views of Anaconda Mines (Butte, MT)",University of Idaho Library; Special Collections & Archives,Black and White Photograph,Image;StillImage,89-1205,2011-03,eng,"Material in Public Domain due to date of creation. For more information, please contact University of Idaho Library Special Collections and Archives Department at libspec@uidaho.edu.",https://creativecommons.org/publicdomain/mark/1.0/,Original is archival Tiff. Displayed is a reduced jpg.,image,/objects/89-1205.jpg,/objects/small/89-1205_sm.jpg,/objects/thumbs/89-1205_th.jpg
watkins38,89-1206.jpg,High Ore Mine 300 ft. level West [no. 1206],image/jpeg,"Watkins, Carleton E.",High Ore Mine,300,1890,High ore 300 ft. level West Showing [timbering along foot wall landing],46.02388889,-112.5197222,"Conley, Cort","Watkins, Carleton E., 1829-1916; Anaconda Company; Butte (Mont.);",Photographic prints,United States--Montana--Silver Bow County--Butte--Anaconda Mine,PG 89 - University of Idaho Library Special Collections & Archives,"Carleton Watkins Interior Views of Anaconda Mines (Butte, MT)",University of Idaho Library; Special Collections & Archives,Black and White Photograph,Image;StillImage,89-1206,2011-03,eng,"Material in Public Domain due to date of creation. For more information, please contact University of Idaho Library Special Collections and Archives Department at libspec@uidaho.edu.",https://creativecommons.org/publicdomain/mark/1.0/,Original is archival Tiff. Displayed is a reduced jpg.,image,/objects/89-1206.jpg,/objects/small/89-1206_sm.jpg,/objects/thumbs/89-1206_th.jpg
watkins39,89-1207.jpg,High Ore Mine 300 ft. level West [no. 1207],image/jpeg,"Watkins, Carleton E.",High Ore Mine,300,1890,High ore 300 ft. level West Showing ore after blasting,46.02388889,-112.5197222,"Conley, Cort","Watkins, Carleton E., 1829-1916; Anaconda Company; Butte (Mont.);",Photographic prints,United States--Montana--Silver Bow County--Butte--Anaconda Mine,PG 89 - University of Idaho Library Special Collections & Archives,"Carleton Watkins Interior Views of Anaconda Mines (Butte, MT)",University of Idaho Library; Special Collections & Archives,Black and White Photograph,Image;StillImage,89-1207,2011-03,eng,"Material in Public Domain due to date of creation. For more information, please contact University of Idaho Library Special Collections and Archives Department at libspec@uidaho.edu.",https://creativecommons.org/publicdomain/mark/1.0/,Original is archival Tiff. Displayed is a reduced jpg.,image,/objects/89-1207.jpg,/objects/small/89-1207_sm.jpg,/objects/thumbs/89-1207_th.jpg
watkins40,89-1208.jpg,High Ore Mine 200 ft. level East [no. 1208],image/jpeg,"Watkins, Carleton E.",High Ore Mine,200,1890,High ore 200 ft. level East Showing two sets of ore in face of drift,46.02388889,-112.5197222,"Conley, Cort","Watkins, Carleton E., 1829-1916; Anaconda Company; Butte (Mont.);",Photographic prints,United States--Montana--Silver Bow County--Butte--Anaconda Mine,PG 89 - University of Idaho Library Special Collections & Archives,"Carleton Watkins Interior Views of Anaconda Mines (Butte, MT)",University of Idaho Library; Special Collections & Archives,Black and White Photograph,Image;StillImage,89-1208,2011-03,eng,"Material in Public Domain due to date of creation. For more information, please contact University of Idaho Library Special Collections and Archives Department at libspec@uidaho.edu.",https://creativecommons.org/publicdomain/mark/1.0/,Original is archival Tiff. Displayed is a reduced jpg.,image,/objects/89-1208.jpg,/objects/small/89-1208_sm.jpg,/objects/thumbs/89-1208_th.jpg
watkins41,89-1209.jpg,High Ore Mine 200 ft. level East [no. 1209],image/jpeg,"Watkins, Carleton E.",High Ore Mine,200,1890,High ore 200 ft. level East Showing ore in hanging wall Ore 15 ft.,46.02388889,-112.5197222,"Conley, Cort","Watkins, Carleton E., 1829-1916; Anaconda Company; Butte (Mont.);",Photographic prints,United States--Montana--Silver Bow County--Butte--Anaconda Mine,PG 89 - University of Idaho Library Special Collections & Archives,"Carleton Watkins Interior Views of Anaconda Mines (Butte, MT)",University of Idaho Library; Special Collections & Archives,Black and White Photograph,Image;StillImage,89-1209,2011-03,eng,"Material in Public Domain due to date of creation. For more information, please contact University of Idaho Library Special Collections and Archives Department at libspec@uidaho.edu.",https://creativecommons.org/publicdomain/mark/1.0/,Original is archival Tiff. Displayed is a reduced jpg.,image,/objects/89-1209.jpg,/objects/small/89-1209_sm.jpg,/objects/thumbs/89-1209_th.jpg
watkins42,89-1210.jpg,High Ore Mine 200 ft. level East [no. 1210],image/jpeg,"Watkins, Carleton E.",High Ore Mine,200,1890,High ore 200 ft. level East Ore 25 ft.,46.02388889,-112.5197222,"Conley, Cort","Watkins, Carleton E., 1829-1916; Anaconda Company; Butte (Mont.);",Photographic prints,United States--Montana--Silver Bow County--Butte--Anaconda Mine,PG 89 - University of Idaho Library Special Collections & Archives,"Carleton Watkins Interior Views of Anaconda Mines (Butte, MT)",University of Idaho Library; Special Collections & Archives,Black and White Photograph,Image;StillImage,89-1210,2011-03,eng,"Material in Public Domain due to date of creation. For more information, please contact University of Idaho Library Special Collections and Archives Department at libspec@uidaho.edu.",https://creativecommons.org/publicdomain/mark/1.0/,Original is archival Tiff. Displayed is a reduced jpg.,image,/objects/89-1210.jpg,/objects/small/89-1210_sm.jpg,/objects/thumbs/89-1210_th.jpg
watkins43,89-1211.jpg,High Ore Mine 400 ft. level East still floor [no. 1211],image/jpeg,"Watkins, Carleton E.",High Ore Mine,400,1890,High ore 400 level East sill showing floor Showing ore breast,46.02388889,-112.5197222,"Conley, Cort","Watkins, Carleton E., 1829-1916; Anaconda Company; Butte (Mont.);",Photographic prints,United States--Montana--Silver Bow County--Butte--Anaconda Mine,PG 89 - University of Idaho Library Special Collections & Archives,"Carleton Watkins Interior Views of Anaconda Mines (Butte, MT)",University of Idaho Library; Special Collections & Archives,Black and White Photograph,Image;StillImage,89-1211,2011-03,eng,"Material in Public Domain due to date of creation. For more information, please contact University of Idaho Library Special Collections and Archives Department at libspec@uidaho.edu.",https://creativecommons.org/publicdomain/mark/1.0/,Original is archival Tiff. Displayed is a reduced jpg.,image,/objects/89-1211.jpg,/objects/small/89-1211_sm.jpg,/objects/thumbs/89-1211_th.jpg
watkins44,89-1168.jpg,Anaconda Mine 1000 ft. level West [no. 1168],image/jpeg,"Watkins, Carleton E.",Anaconda Mine,1000,1890,Anaconda Mine 1000 level West. Wealth of ore 75 ft.,46.01972222,-112.5236111,"Conley, Cort","Watkins, Carleton E., 1829-1916; Anaconda Company; Butte (Mont.);",Photographic prints,United States--Montana--Silver Bow County--Butte--Anaconda Mine,PG 89 - University of Idaho Library Special Collections & Archives,"Carleton Watkins Interior Views of Anaconda Mines (Butte, MT)",University of Idaho Library; Special Collections & Archives,Black and White Photograph,Image;StillImage,89-1168,2011-03,eng,"Material in Public Domain due to date of creation. For more information, please contact University of Idaho Library Special Collections and Archives Department at libspec@uidaho.edu.",https://creativecommons.org/publicdomain/mark/1.0/,Original is archival Tiff. Displayed is a reduced jpg.,image,/objects/89-1168.jpg,/objects/small/89-1168_sm.jpg,/objects/thumbs/89-1168_th.jpg
watkins45,89-1212.jpg,"Mountain Consolidated Mine 100 ft. level Station (note ""1890"" on beam) [no. 1212]",image/jpeg,"Watkins, Carleton E.",Mountain Consolidated Mine,100,1890,"Mt Com 100 Station [note ""1890"" on beam]",46.02333333,-112.5313889,"Conley, Cort","Watkins, Carleton E., 1829-1916; Anaconda Company; Butte (Mont.);",Photographic prints,United States--Montana--Silver Bow County--Butte--Anaconda Mine,PG 89 - University of Idaho Library Special Collections & Archives,"Carleton Watkins Interior Views of Anaconda Mines (Butte, MT)",University of Idaho Library; Special Collections & Archives,Black and White Photograph,Image;StillImage,89-1212,2011-03,eng,"Material in Public Domain due to date of creation. For more information, please contact University of Idaho Library Special Collections and Archives Department at libspec@uidaho.edu.",https://creativecommons.org/publicdomain/mark/1.0/,Original is archival Tiff. Displayed is a reduced jpg.,image,/objects/89-1212.jpg,/objects/small/89-1212_sm.jpg,/objects/thumbs/89-1212_th.jpg
watkins46,89-1214.jpg,Mountain Consolidated Mine 100 Station at shaft [no. 1214],image/jpeg,"Watkins, Carleton E.",Mountain Consolidated Mine,100,1890,Mt Con 100 Station at shaft,46.02333333,-112.5313889,"Conley, Cort","Watkins, Carleton E., 1829-1916; Anaconda Company; Butte (Mont.);",Photographic prints,United States--Montana--Silver Bow County--Butte--Anaconda Mine,PG 89 - University of Idaho Library Special Collections & Archives,"Carleton Watkins Interior Views of Anaconda Mines (Butte, MT)",University of Idaho Library; Special Collections & Archives,Black and White Photograph,Image;StillImage,89-1214,2011-03,eng,"Material in Public Domain due to date of creation. For more information, please contact University of Idaho Library Special Collections and Archives Department at libspec@uidaho.edu.",https://creativecommons.org/publicdomain/mark/1.0/,Original is archival Tiff. Displayed is a reduced jpg.,image,/objects/89-1214.jpg,/objects/small/89-1214_sm.jpg,/objects/thumbs/89-1214_th.jpg
watkins47,89-1215.jpg,Mountain Consolidated Mine 100 ft. level [no. 1215],image/jpeg,"Watkins, Carleton E.",Mountain Consolidated Mine,100,1890,Mt Con 100 level Showing miners replacing and repairing old timbers,46.02333333,-112.5313889,"Conley, Cort","Watkins, Carleton E., 1829-1916; Anaconda Company; Butte (Mont.);",Photographic prints,United States--Montana--Silver Bow County--Butte--Anaconda Mine,PG 89 - University of Idaho Library Special Collections & Archives,"Carleton Watkins Interior Views of Anaconda Mines (Butte, MT)",University of Idaho Library; Special Collections & Archives,Black and White Photograph,Image;StillImage,89-1215,2011-03,eng,"Material in Public Domain due to date of creation. For more information, please contact University of Idaho Library Special Collections and Archives Department at libspec@uidaho.edu.",https://creativecommons.org/publicdomain/mark/1.0/,Original is archival Tiff. Displayed is a reduced jpg.,image,/objects/89-1215.jpg,/objects/small/89-1215_sm.jpg,/objects/thumbs/89-1215_th.jpg
watkins48,89-1216.jpg,Mountain Consolidated Mine 400 ft. level East still floor breast [no. 1216],image/jpeg,"Watkins, Carleton E.",Mountain Consolidated Mine,400,1890,Mt Con 400 level East sill floor breast. Showing Supt. Carroll and drilling machine in act of drilling ore breast,46.02333333,-112.5313889,"Conley, Cort","Watkins, Carleton E., 1829-1916; Anaconda Company; Butte (Mont.);",Photographic prints,United States--Montana--Silver Bow County--Butte--Anaconda Mine,PG 89 - University of Idaho Library Special Collections & Archives,"Carleton Watkins Interior Views of Anaconda Mines (Butte, MT)",University of Idaho Library; Special Collections & Archives,Black and White Photograph,Image;StillImage,89-1216,2011-03,eng,"Material in Public Domain due to date of creation. For more information, please contact University of Idaho Library Special Collections and Archives Department at libspec@uidaho.edu.",https://creativecommons.org/publicdomain/mark/1.0/,Original is archival Tiff. Displayed is a reduced jpg.,image,/objects/89-1216.jpg,/objects/small/89-1216_sm.jpg,/objects/thumbs/89-1216_th.jpg
watkins49,89-1217.jpg,Mountain Consolidated Mine 100 ft. level East still floor [no. 1217],image/jpeg,"Watkins, Carleton E.",Mountain Consolidated Mine,100,1890,Mt Con 100 level East sill floor.  Showing miners in ore breast filling ore cars. Ore 12 ft.,46.02333333,-112.5313889,"Conley, Cort","Watkins, Carleton E., 1829-1916; Anaconda Company; Butte (Mont.);",Photographic prints,United States--Montana--Silver Bow County--Butte--Anaconda Mine,PG 89 - University of Idaho Library Special Collections & Archives,"Carleton Watkins Interior Views of Anaconda Mines (Butte, MT)",University of Idaho Library; Special Collections & Archives,Black and White Photograph,Image;StillImage,89-1217,2011-03,eng,"Material in Public Domain due to date of creation. For more information, please contact University of Idaho Library Special Collections and Archives Department at libspec@uidaho.edu.",https://creativecommons.org/publicdomain/mark/1.0/,Original is archival Tiff. Displayed is a reduced jpg.,image,/objects/89-1217.jpg,/objects/small/89-1217_sm.jpg,/objects/thumbs/89-1217_th.jpg
watkins50,89-1218.jpg,Mountain Consolidated Mine 400 ft. level East [no. 1218],image/jpeg,"Watkins, Carleton E.",Mountain Consolidated Mine,400,1890,Mt Con 400 level East. Showing drift and timbers 100 ft. west of ore breast,46.02333333,-112.5313889,"Conley, Cort","Watkins, Carleton E., 1829-1916; Anaconda Company; Butte (Mont.);",Photographic prints,United States--Montana--Silver Bow County--Butte--Anaconda Mine,PG 89 - University of Idaho Library Special Collections & Archives,"Carleton Watkins Interior Views of Anaconda Mines (Butte, MT)",University of Idaho Library; Special Collections & Archives,Black and White Photograph,Image;StillImage,89-1218,2011-03,eng,"Material in Public Domain due to date of creation. For more information, please contact University of Idaho Library Special Collections and Archives Department at libspec@uidaho.edu.",https://creativecommons.org/publicdomain/mark/1.0/,Original is archival Tiff. Displayed is a reduced jpg.,image,/objects/89-1218.jpg,/objects/small/89-1218_sm.jpg,/objects/thumbs/89-1218_th.jpg
watkins51,89-1219.jpg,Mountain Consolidated Mine 100 ft. level West still floor [no. 1219],image/jpeg,"Watkins, Carleton E.",Mountain Consolidated Mine,100,1890,Mt Con 100 level West sill floor.  Showing untimbered ore breast,46.02333333,-112.5313889,"Conley, Cort","Watkins, Carleton E., 1829-1916; Anaconda Company; Butte (Mont.);",Photographic prints,United States--Montana--Silver Bow County--Butte--Anaconda Mine,PG 89 - University of Idaho Library Special Collections & Archives,"Carleton Watkins Interior Views of Anaconda Mines (Butte, MT)",University of Idaho Library; Special Collections & Archives,Black and White Photograph,Image;StillImage,89-1219,2011-03,eng,"Material in Public Domain due to date of creation. For more information, please contact University of Idaho Library Special Collections and Archives Department at libspec@uidaho.edu.",https://creativecommons.org/publicdomain/mark/1.0/,Original is archival Tiff. Displayed is a reduced jpg.,image,/objects/89-1219.jpg,/objects/small/89-1219_sm.jpg,/objects/thumbs/89-1219_th.jpg
watkins52,89-1220.jpg,Mountain Consolidated Mine 400 ft. level East still floor [no. 1220],image/jpeg,"Watkins, Carleton E.",Mountain Consolidated Mine,400,1890,Mt Con 400 level East sill floor Showing ore breast without timbers,46.02333333,-112.5313889,"Conley, Cort","Watkins, Carleton E., 1829-1916; Anaconda Company; Butte (Mont.);",Photographic prints,United States--Montana--Silver Bow County--Butte--Anaconda Mine,PG 89 - University of Idaho Library Special Collections & Archives,"Carleton Watkins Interior Views of Anaconda Mines (Butte, MT)",University of Idaho Library; Special Collections & Archives,Black and White Photograph,Image;StillImage,89-1220,2011-03,eng,"Material in Public Domain due to date of creation. For more information, please contact University of Idaho Library Special Collections and Archives Department at libspec@uidaho.edu.",https://creativecommons.org/publicdomain/mark/1.0/,Original is archival Tiff. Displayed is a reduced jpg.,image,/objects/89-1220.jpg,/objects/small/89-1220_sm.jpg,/objects/thumbs/89-1220_th.jpg
watkins53,89-1221.jpg,Mountain Consolidated Mine 550 ft. level East still floor,image/jpeg,"Watkins, Carleton E.",Mountain Consolidated Mine,550,1890,Mountain Consolidated Mine 550 level East sill floor.  Showing a fine ore breast untimbered,46.02333333,-112.5313889,"Conley, Cort","Watkins, Carleton E., 1829-1916; Anaconda Company; Butte (Mont.);",Photographic prints,United States--Montana--Silver Bow County--Butte--Anaconda Mine,PG 89 - University of Idaho Library Special Collections & Archives,"Carleton Watkins Interior Views of Anaconda Mines (Butte, MT)",University of Idaho Library; Special Collections & Archives,Black and White Photograph,Image;StillImage,89-1221,2011-03,eng,"Material in Public Domain due to date of creation. For more information, please contact University of Idaho Library Special Collections and Archives Department at libspec@uidaho.edu.",https://creativecommons.org/publicdomain/mark/1.0/,Original is archival Tiff. Displayed is a reduced jpg.,image,/objects/89-1221.jpg,/objects/small/89-1221_sm.jpg,/objects/thumbs/89-1221_th.jpg
watkins54,89-1222.jpg,Mountain Consolidated Mine 550 ft. level East [no. 1222],image/jpeg,"Watkins, Carleton E.",Mountain Consolidated Mine,550,1890,Mt Con 550 level East.  Showing a fine ore body with part of 1st or 2nd floor timbers in sight,46.02333333,-112.5313889,"Conley, Cort","Watkins, Carleton E., 1829-1916; Anaconda Company; Butte (Mont.);",Photographic prints,United States--Montana--Silver Bow County--Butte--Anaconda Mine,PG 89 - University of Idaho Library Special Collections & Archives,"Carleton Watkins Interior Views of Anaconda Mines (Butte, MT)",University of Idaho Library; Special Collections & Archives,Black and White Photograph,Image;StillImage,89-1222,2011-03,eng,"Material in Public Domain due to date of creation. For more information, please contact University of Idaho Library Special Collections and Archives Department at libspec@uidaho.edu.",https://creativecommons.org/publicdomain/mark/1.0/,Original is archival Tiff. Displayed is a reduced jpg.,image,/objects/89-1222.jpg,/objects/small/89-1222_sm.jpg,/objects/thumbs/89-1222_th.jpg
watkins55,89-1167.jpg,Anaconda Mine 1000 ft. level East [no. 1167],image/jpeg,"Watkins, Carleton E.",Anaconda Mine,1000,1890,Anaconda Mine 1000 level East. Wealth of ore 45 ft.,46.01972222,-112.5236111,"Conley, Cort","Watkins, Carleton E., 1829-1916; Anaconda Company; Butte (Mont.);",Photographic prints,United States--Montana--Silver Bow County--Butte--Anaconda Mine,PG 89 - University of Idaho Library Special Collections & Archives,"Carleton Watkins Interior Views of Anaconda Mines (Butte, MT)",University of Idaho Library; Special Collections & Archives,Black and White Photograph,Image;StillImage,89-1167,2011-03,eng,"Material in Public Domain due to date of creation. For more information, please contact University of Idaho Library Special Collections and Archives Department at libspec@uidaho.edu.",https://creativecommons.org/publicdomain/mark/1.0/,Original is archival Tiff. Displayed is a reduced jpg.,image,/objects/89-1167.jpg,/objects/small/89-1167_sm.jpg,/objects/thumbs/89-1167_th.jpg
watkins56,89-1223.jpg,Mountain Consolidated Mine 300 ft. level East still floor  [no. 1223],image/jpeg,"Watkins, Carleton E.",Mountain Consolidated Mine,300,1890,Mt Con 300 level East still floor.  Ore breast showing miners at world Ore 40 ft,46.02333333,-112.5313889,"Conley, Cort","Watkins, Carleton E., 1829-1916; Anaconda Company; Butte (Mont.);",Photographic prints,United States--Montana--Silver Bow County--Butte--Anaconda Mine,PG 89 - University of Idaho Library Special Collections & Archives,"Carleton Watkins Interior Views of Anaconda Mines (Butte, MT)",University of Idaho Library; Special Collections & Archives,Black and White Photograph,Image;StillImage,89-1223,2011-03,eng,"Material in Public Domain due to date of creation. For more information, please contact University of Idaho Library Special Collections and Archives Department at libspec@uidaho.edu.",https://creativecommons.org/publicdomain/mark/1.0/,Original is archival Tiff. Displayed is a reduced jpg.,image,/objects/89-1223.jpg,/objects/small/89-1223_sm.jpg,/objects/thumbs/89-1223_th.jpg
watkins57,89-1224.jpg,Mountain Consolidated Mine 200 ft. level East sill floor  [no. 1224],image/jpeg,"Watkins, Carleton E.",Mountain Consolidated Mine,200,1890,Mt Con 200 level East sill floor.  Showing ore and timbers on hanging wall,46.02333333,-112.5313889,"Conley, Cort","Watkins, Carleton E., 1829-1916; Anaconda Company; Butte (Mont.);",Photographic prints,United States--Montana--Silver Bow County--Butte--Anaconda Mine,PG 89 - University of Idaho Library Special Collections & Archives,"Carleton Watkins Interior Views of Anaconda Mines (Butte, MT)",University of Idaho Library; Special Collections & Archives,Black and White Photograph,Image;StillImage,89-1224,2011-03,eng,"Material in Public Domain due to date of creation. For more information, please contact University of Idaho Library Special Collections and Archives Department at libspec@uidaho.edu.",https://creativecommons.org/publicdomain/mark/1.0/,Original is archival Tiff. Displayed is a reduced jpg.,image,/objects/89-1224.jpg,/objects/small/89-1224_sm.jpg,/objects/thumbs/89-1224_th.jpg
watkins58,89-1225.jpg,Mountain Consolidated Mine 400 ft. level East sill floor  [no. 1225],image/jpeg,"Watkins, Carleton E.",Mountain Consolidated Mine,400,1890,Mt Con 400 level East sill floor.  Showing ore breast,46.02333333,-112.5313889,"Conley, Cort","Watkins, Carleton E., 1829-1916; Anaconda Company; Butte (Mont.);",Photographic prints,United States--Montana--Silver Bow County--Butte--Anaconda Mine,PG 89 - University of Idaho Library Special Collections & Archives,"Carleton Watkins Interior Views of Anaconda Mines (Butte, MT)",University of Idaho Library; Special Collections & Archives,Black and White Photograph,Image;StillImage,89-1225,2011-03,eng,"Material in Public Domain due to date of creation. For more information, please contact University of Idaho Library Special Collections and Archives Department at libspec@uidaho.edu.",https://creativecommons.org/publicdomain/mark/1.0/,Original is archival Tiff. Displayed is a reduced jpg.,image,/objects/89-1225.jpg,/objects/small/89-1225_sm.jpg,/objects/thumbs/89-1225_th.jpg
watkins59,89-1226.jpg,Mountain Consolidated Mine 200 ft. level East sill floor  [no. 1226],image/jpeg,"Watkins, Carleton E.",Mountain Consolidated Mine,200,1890,Mt Con 200 level East sill floor.  Showing ore after a blast.,46.02333333,-112.5313889,"Conley, Cort","Watkins, Carleton E., 1829-1916; Anaconda Company; Butte (Mont.);",Photographic prints,United States--Montana--Silver Bow County--Butte--Anaconda Mine,PG 89 - University of Idaho Library Special Collections & Archives,"Carleton Watkins Interior Views of Anaconda Mines (Butte, MT)",University of Idaho Library; Special Collections & Archives,Black and White Photograph,Image;StillImage,89-1226,2011-03,eng,"Material in Public Domain due to date of creation. For more information, please contact University of Idaho Library Special Collections and Archives Department at libspec@uidaho.edu.",https://creativecommons.org/publicdomain/mark/1.0/,Original is archival Tiff. Displayed is a reduced jpg.,image,/objects/89-1226.jpg,/objects/small/89-1226_sm.jpg,/objects/thumbs/89-1226_th.jpg
watkins60,89-1227.jpg,Mountain Consolidated Mine 100 ft. level West sill floor  [no. 1227],image/jpeg,"Watkins, Carleton E.",Mountain Consolidated Mine,100,1890,Mt Con 100 level West sill floor.  Showing ore blast of level,46.02333333,-112.5313889,"Conley, Cort","Watkins, Carleton E., 1829-1916; Anaconda Company; Butte (Mont.);",Photographic prints,United States--Montana--Silver Bow County--Butte--Anaconda Mine,PG 89 - University of Idaho Library Special Collections & Archives,"Carleton Watkins Interior Views of Anaconda Mines (Butte, MT)",University of Idaho Library; Special Collections & Archives,Black and White Photograph,Image;StillImage,89-1227,2011-03,eng,"Material in Public Domain due to date of creation. For more information, please contact University of Idaho Library Special Collections and Archives Department at libspec@uidaho.edu.",https://creativecommons.org/publicdomain/mark/1.0/,Original is archival Tiff. Displayed is a reduced jpg.,image,/objects/89-1227.jpg,/objects/small/89-1227_sm.jpg,/objects/thumbs/89-1227_th.jpg
watkins61,89-1228.jpg,Mountain Consolidated Mine 400 ft. level East sill floor  [no. 1228],image/jpeg,"Watkins, Carleton E.",Mountain Consolidated Mine,400,1890,Mt Con 400 level East sill floor.  Ore breast showing ore in foot wall,46.02333333,-112.5313889,"Conley, Cort","Watkins, Carleton E., 1829-1916; Anaconda Company; Butte (Mont.);",Photographic prints,United States--Montana--Silver Bow County--Butte--Anaconda Mine,PG 89 - University of Idaho Library Special Collections & Archives,"Carleton Watkins Interior Views of Anaconda Mines (Butte, MT)",University of Idaho Library; Special Collections & Archives,Black and White Photograph,Image;StillImage,89-1228,2011-03,eng,"Material in Public Domain due to date of creation. For more information, please contact University of Idaho Library Special Collections and Archives Department at libspec@uidaho.edu.",https://creativecommons.org/publicdomain/mark/1.0/,Original is archival Tiff. Displayed is a reduced jpg.,image,/objects/89-1228.jpg,/objects/small/89-1228_sm.jpg,/objects/thumbs/89-1228_th.jpg
watkins62,89-1229.jpg,Mountain Consolidated Mine 400 ft. level East sill floor  [no. 1229],image/jpeg,"Watkins, Carleton E.",Mountain Consolidated Mine,400,1890,Mt Con 400 level East sill floor.  Ore breast showing miners drilling in ore.,46.02333333,-112.5313889,"Conley, Cort","Watkins, Carleton E., 1829-1916; Anaconda Company; Butte (Mont.);",Photographic prints,United States--Montana--Silver Bow County--Butte--Anaconda Mine,PG 89 - University of Idaho Library Special Collections & Archives,"Carleton Watkins Interior Views of Anaconda Mines (Butte, MT)",University of Idaho Library; Special Collections & Archives,Black and White Photograph,Image;StillImage,89-1229,2011-03,eng,"Material in Public Domain due to date of creation. For more information, please contact University of Idaho Library Special Collections and Archives Department at libspec@uidaho.edu.",https://creativecommons.org/publicdomain/mark/1.0/,Original is archival Tiff. Displayed is a reduced jpg.,image,/objects/89-1229.jpg,/objects/small/89-1229_sm.jpg,/objects/thumbs/89-1229_th.jpg
watkins63,89-1230.jpg,Mountain Consolidated Mine 300 ft. level East sill floor  [no. 1230],image/jpeg,"Watkins, Carleton E.",Mountain Consolidated Mine,300,1890,Mt Con 300 level East sill floor.  Showing ore breast closely timbered.,46.02333333,-112.5313889,"Conley, Cort","Watkins, Carleton E., 1829-1916; Anaconda Company; Butte (Mont.);",Photographic prints,United States--Montana--Silver Bow County--Butte--Anaconda Mine,PG 89 - University of Idaho Library Special Collections & Archives,"Carleton Watkins Interior Views of Anaconda Mines (Butte, MT)",University of Idaho Library; Special Collections & Archives,Black and White Photograph,Image;StillImage,89-1230,2011-03,eng,"Material in Public Domain due to date of creation. For more information, please contact University of Idaho Library Special Collections and Archives Department at libspec@uidaho.edu.",https://creativecommons.org/publicdomain/mark/1.0/,Original is archival Tiff. Displayed is a reduced jpg.,image,/objects/89-1230.jpg,/objects/small/89-1230_sm.jpg,/objects/thumbs/89-1230_th.jpg
watkins64,89-1231.jpg,Mountain Consolidated Mine 300 ft. level East sill floor  [no. 1231],image/jpeg,"Watkins, Carleton E.",Mountain Consolidated Mine,300,1890,Mt Con 300 level East sill floor.  Ore breast showing ore in foot wall.,46.02333333,-112.5313889,"Conley, Cort","Watkins, Carleton E., 1829-1916; Anaconda Company; Butte (Mont.);",Photographic prints,United States--Montana--Silver Bow County--Butte--Anaconda Mine,PG 89 - University of Idaho Library Special Collections & Archives,"Carleton Watkins Interior Views of Anaconda Mines (Butte, MT)",University of Idaho Library; Special Collections & Archives,Black and White Photograph,Image;StillImage,89-1231,2011-03,eng,"Material in Public Domain due to date of creation. For more information, please contact University of Idaho Library Special Collections and Archives Department at libspec@uidaho.edu.",https://creativecommons.org/publicdomain/mark/1.0/,Original is archival Tiff. Displayed is a reduced jpg.,image,/objects/89-1231.jpg,/objects/small/89-1231_sm.jpg,/objects/thumbs/89-1231_th.jpg
watkins65,89-1232.jpg,Mountain Consolidated Mine 100 ft. level West sill floor  [no. 1232],image/jpeg,"Watkins, Carleton E.",Mountain Consolidated Mine,100,1890,Mt Con 100 level West sill floor.  Showing machine drilling ore breast.,46.02333333,-112.5313889,"Conley, Cort","Watkins, Carleton E., 1829-1916; Anaconda Company; Butte (Mont.);",Photographic prints,United States--Montana--Silver Bow County--Butte--Anaconda Mine,PG 89 - University of Idaho Library Special Collections & Archives,"Carleton Watkins Interior Views of Anaconda Mines (Butte, MT)",University of Idaho Library; Special Collections & Archives,Black and White Photograph,Image;StillImage,89-1232,2011-03,eng,"Material in Public Domain due to date of creation. For more information, please contact University of Idaho Library Special Collections and Archives Department at libspec@uidaho.edu.",https://creativecommons.org/publicdomain/mark/1.0/,Original is archival Tiff. Displayed is a reduced jpg.,image,/objects/89-1232.jpg,/objects/small/89-1232_sm.jpg,/objects/thumbs/89-1232_th.jpg
watkins66,89-1169.jpg,Anaconda Mine 1000 ft. level West [no. 1169],image/jpeg,"Watkins, Carleton E.",Anaconda Mine,1000,1890,Anaconda Mine 1000 level West. Wealth of ore 75 ft.,46.01972222,-112.5236111,"Conley, Cort","Watkins, Carleton E., 1829-1916; Anaconda Company; Butte (Mont.);",Photographic prints,United States--Montana--Silver Bow County--Butte--Anaconda Mine,PG 89 - University of Idaho Library Special Collections & Archives,"Carleton Watkins Interior Views of Anaconda Mines (Butte, MT)",University of Idaho Library; Special Collections & Archives,Black and White Photograph,Image;StillImage,89-1169,2011-03,eng,"Material in Public Domain due to date of creation. For more information, please contact University of Idaho Library Special Collections and Archives Department at libspec@uidaho.edu.",https://creativecommons.org/publicdomain/mark/1.0/,Original is archival Tiff. Displayed is a reduced jpg.,image,/objects/89-1169.jpg,/objects/small/89-1169_sm.jpg,/objects/thumbs/89-1169_th.jpg
watkins67,89-1233.jpg,Mountain Consolidated Mine 550 ft. level East sill floor [no. 1233],image/jpeg,"Watkins, Carleton E.",Mountain Consolidated Mine,550,1890,Mt Con 550 level East sill floor.  Showing ore breast on hanging wall.,46.02333333,-112.5313889,"Conley, Cort","Watkins, Carleton E., 1829-1916; Anaconda Company; Butte (Mont.);",Photographic prints,United States--Montana--Silver Bow County--Butte--Anaconda Mine,PG 89 - University of Idaho Library Special Collections & Archives,"Carleton Watkins Interior Views of Anaconda Mines (Butte, MT)",University of Idaho Library; Special Collections & Archives,Black and White Photograph,Image;StillImage,89-1233,2011-03,eng,"Material in Public Domain due to date of creation. For more information, please contact University of Idaho Library Special Collections and Archives Department at libspec@uidaho.edu.",https://creativecommons.org/publicdomain/mark/1.0/,Original is archival Tiff. Displayed is a reduced jpg.,image,/objects/89-1233.jpg,/objects/small/89-1233_sm.jpg,/objects/thumbs/89-1233_th.jpg
watkins68,89-1234.jpg,Mountain Consolidated Mine 200 ft. level East sill floor [no. 1234],image/jpeg,"Watkins, Carleton E.",Mountain Consolidated Mine,200,1890,Mt Con 200 level East sill floor.  Showing ore breast.,46.02333333,-112.5313889,"Conley, Cort","Watkins, Carleton E., 1829-1916; Anaconda Company; Butte (Mont.);",Photographic prints,United States--Montana--Silver Bow County--Butte--Anaconda Mine,PG 89 - University of Idaho Library Special Collections & Archives,"Carleton Watkins Interior Views of Anaconda Mines (Butte, MT)",University of Idaho Library; Special Collections & Archives,Black and White Photograph,Image;StillImage,89-1234,2011-03,eng,"Material in Public Domain due to date of creation. For more information, please contact University of Idaho Library Special Collections and Archives Department at libspec@uidaho.edu.",https://creativecommons.org/publicdomain/mark/1.0/,Original is archival Tiff. Displayed is a reduced jpg.,image,/objects/89-1234.jpg,/objects/small/89-1234_sm.jpg,/objects/thumbs/89-1234_th.jpg
watkins69,89-1235.jpg,Mountain Consolidated Mine 550 ft. level East sill floor,image/jpeg,"Watkins, Carleton E.",Mountain Consolidated Mine,550,1890,Mountain Consolidated Mine 550 level East sill floor.  Showing drilling machine drilling ore breast . Ore 45 ft.,46.02333333,-112.5313889,"Conley, Cort","Watkins, Carleton E., 1829-1916; Anaconda Company; Butte (Mont.);",Photographic prints,United States--Montana--Silver Bow County--Butte--Anaconda Mine,PG 89 - University of Idaho Library Special Collections & Archives,"Carleton Watkins Interior Views of Anaconda Mines (Butte, MT)",University of Idaho Library; Special Collections & Archives,Black and White Photograph,Image;StillImage,89-1235,2011-03,eng,"Material in Public Domain due to date of creation. For more information, please contact University of Idaho Library Special Collections and Archives Department at libspec@uidaho.edu.",https://creativecommons.org/publicdomain/mark/1.0/,Original is archival Tiff. Displayed is a reduced jpg.,image,/objects/89-1235.jpg,/objects/small/89-1235_sm.jpg,/objects/thumbs/89-1235_th.jpg
watkins70,89-1236.jpg,Mountain Consolidated Mine 400 ft. level East [no. 1236],image/jpeg,"Watkins, Carleton E.",Mountain Consolidated Mine,400,1890,Mt Con 400 level East.  Showing two sets of ore in face timbered close to breast.  Ore 25 ft.,46.02333333,-112.5313889,"Conley, Cort","Watkins, Carleton E., 1829-1916; Anaconda Company; Butte (Mont.);",Photographic prints,United States--Montana--Silver Bow County--Butte--Anaconda Mine,PG 89 - University of Idaho Library Special Collections & Archives,"Carleton Watkins Interior Views of Anaconda Mines (Butte, MT)",University of Idaho Library; Special Collections & Archives,Black and White Photograph,Image;StillImage,89-1236,2011-03,eng,"Material in Public Domain due to date of creation. For more information, please contact University of Idaho Library Special Collections and Archives Department at libspec@uidaho.edu.",https://creativecommons.org/publicdomain/mark/1.0/,Original is archival Tiff. Displayed is a reduced jpg.,image,/objects/89-1236.jpg,/objects/small/89-1236_sm.jpg,/objects/thumbs/89-1236_th.jpg
watkins71,89-1237.jpg,Mountain Consolidated Mine 300 ft. level West [no. 1237],image/jpeg,"Watkins, Carleton E.",Mountain Consolidated Mine,300,1890,Mt Con 300 level West.  Showing course of extraction of ore.  Ore 30 ft.,46.02333333,-112.5313889,"Conley, Cort","Watkins, Carleton E., 1829-1916; Anaconda Company; Butte (Mont.);",Photographic prints,United States--Montana--Silver Bow County--Butte--Anaconda Mine,PG 89 - University of Idaho Library Special Collections & Archives,"Carleton Watkins Interior Views of Anaconda Mines (Butte, MT)",University of Idaho Library; Special Collections & Archives,Black and White Photograph,Image;StillImage,89-1237,2011-03,eng,"Material in Public Domain due to date of creation. For more information, please contact University of Idaho Library Special Collections and Archives Department at libspec@uidaho.edu.",https://creativecommons.org/publicdomain/mark/1.0/,Original is archival Tiff. Displayed is a reduced jpg.,image,/objects/89-1237.jpg,/objects/small/89-1237_sm.jpg,/objects/thumbs/89-1237_th.jpg
watkins72,89-1238.jpg,Mountain Consolidated Mine 400 ft. level East [no. 1238],image/jpeg,"Watkins, Carleton E.",Mountain Consolidated Mine,400,1890,Mt Con 400 level East.  Showing ore towards hanging wall.,46.02333333,-112.5313889,"Conley, Cort","Watkins, Carleton E., 1829-1916; Anaconda Company; Butte (Mont.);",Photographic prints,United States--Montana--Silver Bow County--Butte--Anaconda Mine,PG 89 - University of Idaho Library Special Collections & Archives,"Carleton Watkins Interior Views of Anaconda Mines (Butte, MT)",University of Idaho Library; Special Collections & Archives,Black and White Photograph,Image;StillImage,89-1238,2011-03,eng,"Material in Public Domain due to date of creation. For more information, please contact University of Idaho Library Special Collections and Archives Department at libspec@uidaho.edu.",https://creativecommons.org/publicdomain/mark/1.0/,Original is archival Tiff. Displayed is a reduced jpg.,image,/objects/89-1238.jpg,/objects/small/89-1238_sm.jpg,/objects/thumbs/89-1238_th.jpg
watkins73,89-1239.jpg,Mountain Consolidated Mine 400 ft. level East,image/jpeg,"Watkins, Carleton E.",Mountain Consolidated Mine,400,1890,Showing waste filling between timbers 25 ft. From ore breast.  Ore 25 ft. Mountain Consolidated Mine 400 ft. level East,46.02333333,-112.5313889,"Conley, Cort","Watkins, Carleton E., 1829-1916; Anaconda Company; Butte (Mont.);",Photographic prints,United States--Montana--Silver Bow County--Butte--Anaconda Mine,PG 89 - University of Idaho Library Special Collections & Archives,"Carleton Watkins Interior Views of Anaconda Mines (Butte, MT)",University of Idaho Library; Special Collections & Archives,Black and White Photograph,Image;StillImage,89-1239,2011-03,eng,"Material in Public Domain due to date of creation. For more information, please contact University of Idaho Library Special Collections and Archives Department at libspec@uidaho.edu.",https://creativecommons.org/publicdomain/mark/1.0/,Original is archival Tiff. Displayed is a reduced jpg.,image,/objects/89-1239.jpg,/objects/small/89-1239_sm.jpg,/objects/thumbs/89-1239_th.jpg
watkins74,89-1240.jpg,Mountain Consolidated Mine 550 ft. level East [no. 1240],image/jpeg,"Watkins, Carleton E.",Mountain Consolidated Mine,550,1890,Mt Con 550 level East.  Showing ore in breast.,46.02333333,-112.5313889,"Conley, Cort","Watkins, Carleton E., 1829-1916; Anaconda Company; Butte (Mont.);",Photographic prints,United States--Montana--Silver Bow County--Butte--Anaconda Mine,PG 89 - University of Idaho Library Special Collections & Archives,"Carleton Watkins Interior Views of Anaconda Mines (Butte, MT)",University of Idaho Library; Special Collections & Archives,Black and White Photograph,Image;StillImage,89-1240,2011-03,eng,"Material in Public Domain due to date of creation. For more information, please contact University of Idaho Library Special Collections and Archives Department at libspec@uidaho.edu.",https://creativecommons.org/publicdomain/mark/1.0/,Original is archival Tiff. Displayed is a reduced jpg.,image,/objects/89-1240.jpg,/objects/small/89-1240_sm.jpg,/objects/thumbs/89-1240_th.jpg
watkins75,89-1241.jpg,Mountain Consolidated Mine 400 ft. level East [no. 1241],image/jpeg,"Watkins, Carleton E.",Mountain Consolidated Mine,400,1890,Mt Con 550 level East.  Showing drilling machine in operation.,46.02333333,-112.5313889,"Conley, Cort","Watkins, Carleton E., 1829-1916; Anaconda Company; Butte (Mont.);",Photographic prints,United States--Montana--Silver Bow County--Butte--Anaconda Mine,PG 89 - University of Idaho Library Special Collections & Archives,"Carleton Watkins Interior Views of Anaconda Mines (Butte, MT)",University of Idaho Library; Special Collections & Archives,Black and White Photograph,Image;StillImage,89-1241,2011-03,eng,"Material in Public Domain due to date of creation. For more information, please contact University of Idaho Library Special Collections and Archives Department at libspec@uidaho.edu.",https://creativecommons.org/publicdomain/mark/1.0/,Original is archival Tiff. Displayed is a reduced jpg.,image,/objects/89-1241.jpg,/objects/small/89-1241_sm.jpg,/objects/thumbs/89-1241_th.jpg
watkins76,89-1242.jpg,Mountain Consolidated Mine 550 ft. level East [no. 1242],image/jpeg,"Watkins, Carleton E.",Mountain Consolidated Mine,550,1890,Mt Con 550 level East.  Showing ore after blasting.,46.02333333,-112.5313889,"Conley, Cort","Watkins, Carleton E., 1829-1916; Anaconda Company; Butte (Mont.);",Photographic prints,United States--Montana--Silver Bow County--Butte--Anaconda Mine,PG 89 - University of Idaho Library Special Collections & Archives,"Carleton Watkins Interior Views of Anaconda Mines (Butte, MT)",University of Idaho Library; Special Collections & Archives,Black and White Photograph,Image;StillImage,89-1242,2011-03,eng,"Material in Public Domain due to date of creation. For more information, please contact University of Idaho Library Special Collections and Archives Department at libspec@uidaho.edu.",https://creativecommons.org/publicdomain/mark/1.0/,Original is archival Tiff. Displayed is a reduced jpg.,image,/objects/89-1242.jpg,/objects/small/89-1242_sm.jpg,/objects/thumbs/89-1242_th.jpg
watkins77,89-1170.jpg,Anaconda Mine 1000 ft. level West [no. 1170],image/jpeg,"Watkins, Carleton E.",Anaconda Mine,1000,1890,Anaconda Mine 1000 level West Ore 75 ft.,46.01972222,-112.5236111,"Conley, Cort","Watkins, Carleton E., 1829-1916; Anaconda Company; Butte (Mont.);",Photographic prints,United States--Montana--Silver Bow County--Butte--Anaconda Mine,PG 89 - University of Idaho Library Special Collections & Archives,"Carleton Watkins Interior Views of Anaconda Mines (Butte, MT)",University of Idaho Library; Special Collections & Archives,Black and White Photograph,Image;StillImage,89-1170,2011-03,eng,"Material in Public Domain due to date of creation. For more information, please contact University of Idaho Library Special Collections and Archives Department at libspec@uidaho.edu.",https://creativecommons.org/publicdomain/mark/1.0/,Original is archival Tiff. Displayed is a reduced jpg.,image,/objects/89-1170.jpg,/objects/small/89-1170_sm.jpg,/objects/thumbs/89-1170_th.jpg
watkins78,89-1243.jpg,Mountain Consolidated Mine 550 ft. level [no. 1243],image/jpeg,"Watkins, Carleton E.",Mountain Consolidated Mine,550,1890,Mt Con 550 level.  Pump station.,46.02333333,-112.5313889,"Conley, Cort","Watkins, Carleton E., 1829-1916; Anaconda Company; Butte (Mont.);",Photographic prints,United States--Montana--Silver Bow County--Butte--Anaconda Mine,PG 89 - University of Idaho Library Special Collections & Archives,"Carleton Watkins Interior Views of Anaconda Mines (Butte, MT)",University of Idaho Library; Special Collections & Archives,Black and White Photograph,Image;StillImage,89-1243,2011-03,eng,"Material in Public Domain due to date of creation. For more information, please contact University of Idaho Library Special Collections and Archives Department at libspec@uidaho.edu.",https://creativecommons.org/publicdomain/mark/1.0/,Original is archival Tiff. Displayed is a reduced jpg.,image,/objects/89-1243.jpg,/objects/small/89-1243_sm.jpg,/objects/thumbs/89-1243_th.jpg
watkins79,89-1171.jpg,Anaconda Mine 1000 ft. level West [no. 1171],image/jpeg,"Watkins, Carleton E.",Anaconda Mine,1000,1890,Anaconda Mine 1000 level West Ore 75 ft.,46.01972222,-112.5236111,"Conley, Cort","Watkins, Carleton E., 1829-1916; Anaconda Company; Butte (Mont.);",Photographic prints,United States--Montana--Silver Bow County--Butte--Anaconda Mine,PG 89 - University of Idaho Library Special Collections & Archives,"Carleton Watkins Interior Views of Anaconda Mines (Butte, MT)",University of Idaho Library; Special Collections & Archives,Black and White Photograph,Image;StillImage,89-1171,2011-03,eng,"Material in Public Domain due to date of creation. For more information, please contact University of Idaho Library Special Collections and Archives Department at libspec@uidaho.edu.",https://creativecommons.org/publicdomain/mark/1.0/,Original is archival Tiff. Displayed is a reduced jpg.,image,/objects/89-1171.jpg,/objects/small/89-1171_sm.jpg,/objects/thumbs/89-1171_th.jpg